2019-03-10 18:00:00-04:00,1.740509
2019-03-10 19:00:00-04:00,3.0343018
2019-03-10 20:00:00-04:00,42.627594
2019-03-10 21:00:00-04:00,0.12574768
2019-03-10 22:00:00-04:00,10.829254
2019-03-10 23:00:00-04:00,4.075943
2019-03-11 00:00:00-04:00,2.6485138
2019-03-11 01:00:00-04:00,0
2019-03-11 02:00:00-04:00,0
2019-03-11 03:00:00-04:00,0
2019-03-11 04:00:00-04:00,0
2019-03-11 05:00:00-04:00,0
2019-03-11 06:00:00-04:00,11.1527405
2019-03-11 07:00:00-04:00,50.927155
2019-03-11 08:00:00-04:00,15.183594
2019-03-11 09:00:00-04:00,1.3734436
2019-03-11 10:00:00-04:00,0
2019-03-11 11:00:00-04:00,0
2019-03-11 12:00:00-04:00,1.8526611
2019-03-11 13:00:00-04:00,0
2019-03-11 14:00:00-04:00,3.2697449
2019-03-11 15:00:00-04:00,2.5085144
2019-03-11 16:00:00-04:00,0
2019-03-11 17:00:00-04:00,4.7470245
2019-03-11 18:00:00-04:00,0
2019-03-11 19:00:00-04:00,5.9659424
2019-03-11 20:00:00-04:00,25.506638
2019-03-11 21:00:00-04:00,0
2019-03-11 22:00:00-04:00,16.385223
2019-03-11 23:00:00-04:00,11.96875
2019-03-12 00:00:00-04:00,12.316437
2019-03-12 01:00:00-04:00,0
2019-03-12 02:00:00-04:00,0
2019-03-12 03:00:00-04:00,0
2019-03-12 04:00:00-04:00,0
2019-03-12 05:00:00-04:00,0
2019-03-12 06:00:00-04:00,0
2019-03-12 07:00:00-04:00,35.17256
2019-03-12 08:00:00-04:00,35.759705
2019-03-12 09:00:00-04:00,11.412506
2019-03-12 10:00:00-04:00,6.4691315
2019-03-12 11:00:00-04:00,4.2012787
2019-03-12 12:00:00-04:00,0.81225586
2019-03-12 13:00:00-04:00,0
2019-03-12 14:00:00-04:00,0
2019-03-12 15:00:00-04:00,0
2019-03-12 16:00:00-04:00,7.532837
2019-03-12 17:00:00-04:00,1.2552032
2019-03-12 18:00:00-04:00,23.378998
2019-03-12 19:00:00-04:00,40.358475
2019-03-12 20:00:00-04:00,23.974136
2019-03-12 21:00:00-04:00,0
2019-03-12 22:00:00-04:00,0.5775299
2019-03-12 23:00:00-04:00,23.212387
2019-03-13 00:00:00-04:00,23.452728
2019-03-13 01:00:00-04:00,1.6506653
2019-03-13 02:00:00-04:00,4.117386
2019-03-13 03:00:00-04:00,2.255722
2019-03-13 04:00:00-04:00,4.416565
2019-03-13 05:00:00-04:00,0
2019-03-13 06:00:00-04:00,1.0038452
2019-03-13 07:00:00-04:00,54.31459
2019-03-13 08:00:00-04:00,25.303009
2019-03-13 09:00:00-04:00,3.8810883
2019-03-13 10:00:00-04:00,0
2019-03-13 11:00:00-04:00,7.3850403
2019-03-13 12:00:00-04:00,11.168152
2019-03-13 13:00:00-04:00,6.284012
2019-03-13 14:00:00-04:00,17.43927
2019-03-13 15:00:00-04:00,0.54374695
2019-03-13 16:00:00-04:00,0.053085327
2019-03-13 17:00:00-04:00,12.856598
2019-03-13 18:00:00-04:00,5.4483643
2019-03-13 19:00:00-04:00,0
2019-03-13 20:00:00-04:00,83.16272
2019-03-13 21:00:00-04:00,6.0781555
2019-03-13 22:00:00-04:00,23.013367
2019-03-13 23:00:00-04:00,18.521667
2019-03-14 00:00:00-04:00,15.048569
2019-03-14 01:00:00-04:00,0
2019-03-14 02:00:00-04:00,0
2019-03-14 03:00:00-04:00,0
2019-03-14 04:00:00-04:00,0
2019-03-14 05:00:00-04:00,38.32718
2019-03-14 06:00:00-04:00,26.665802
2019-03-14 07:00:00-04:00,27.72847
2019-03-14 08:00:00-04:00,27.322876
2019-03-14 09:00:00-04:00,5.8554077
2019-03-14 10:00:00-04:00,2.943161
2019-03-14 11:00:00-04:00,16.78418
2019-03-14 12:00:00-04:00,2.50206
2019-03-14 13:00:00-04:00,4.5323486
2019-03-14 14:00:00-04:00,20.045547
2019-03-14 15:00:00-04:00,28.303635
2019-03-14 16:00:00-04:00,33.960175
2019-03-14 17:00:00-04:00,23.050156
2019-03-14 18:00:00-04:00,16.096664
2019-03-14 19:00:00-04:00,45.18846
2019-03-14 20:00:00-04:00,35.93814
2019-03-14 21:00:00-04:00,22.28244
2019-03-14 22:00:00-04:00,16.907928
2019-03-14 23:00:00-04:00,27.288406
2019-03-15 00:00:00-04:00,27.748795
2019-03-15 01:00:00-04:00,5.110962
2019-03-15 02:00:00-04:00,0.05227661
2019-03-15 03:00:00-04:00,0
2019-03-15 04:00:00-04:00,0.58283997
2019-03-15 05:00:00-04:00,3.4081268
2019-03-15 06:00:00-04:00,15.566788
2019-03-15 07:00:00-04:00,22.305191
2019-03-15 08:00:00-04:00,29.145737
2019-03-15 09:00:00-04:00,28.019089
2019-03-15 10:00:00-04:00,46.150436
2019-03-15 11:00:00-04:00,1.2255096
2019-03-15 12:00:00-04:00,0.05343628
2019-03-15 13:00:00-04:00,0.106933594
2019-03-15 14:00:00-04:00,13.899597
2019-03-15 15:00:00-04:00,24.283005
2019-03-15 16:00:00-04:00,24.646957
2019-03-15 17:00:00-04:00,33.967834
2019-03-15 18:00:00-04:00,20.623459
2019-03-15 19:00:00-04:00,29.458145
2019-03-15 20:00:00-04:00,41.152893
2019-03-15 21:00:00-04:00,9.481934
2019-03-15 22:00:00-04:00,18.80986
2019-03-15 23:00:00-04:00,35.14949
2019-03-16 00:00:00-04:00,3.287613
2019-03-16 01:00:00-04:00,0
2019-03-16 02:00:00-04:00,0.10650635
2019-03-16 03:00:00-04:00,8.818832
2019-03-16 04:00:00-04:00,7.882782
2019-03-16 05:00:00-04:00,1.2053833
2019-03-16 06:00:00-04:00,6.8634033
2019-03-16 07:00:00-04:00,41.233795
2019-03-16 08:00:00-04:00,4.164032
2019-03-16 09:00:00-04:00,0.15715027
2019-03-16 10:00:00-04:00,0.050628662
2019-03-16 11:00:00-04:00,55.104706
2019-03-16 12:00:00-04:00,1.0686646
2019-03-16 13:00:00-04:00,4.0407715
2019-03-16 14:00:00-04:00,19.877121
2019-03-16 15:00:00-04:00,0.63700867
2019-03-16 16:00:00-04:00,24.57582
2019-03-16 17:00:00-04:00,22.238266
2019-03-16 18:00:00-04:00,15.437897
2019-03-16 19:00:00-04:00,5.9682617
2019-03-16 20:00:00-04:00,44.16388
2019-03-16 21:00:00-04:00,16.631973
2019-03-16 22:00:00-04:00,17.576767
2019-03-16 23:00:00-04:00,31.720947
2019-03-17 00:00:00-04:00,31.967056
2019-03-17 01:00:00-04:00,2.3066406
2019-03-17 02:00:00-04:00,0.9604645
2019-03-17 03:00:00-04:00,1.0532074
2019-03-17 04:00:00-04:00,1.7283936
2019-03-17 05:00:00-04:00,1.050354
2019-03-17 06:00:00-04:00,18.853043
2019-03-17 07:00:00-04:00,21.143173
2019-03-17 08:00:00-04:00,22.665436
2019-03-17 09:00:00-04:00,2.1301727
2019-03-17 10:00:00-04:00,1.4909058
2019-03-17 11:00:00-04:00,1.7552795
2019-03-17 12:00:00-04:00,14.683258
2019-03-17 13:00:00-04:00,26.16864
2019-03-17 14:00:00-04:00,65.38083
2019-03-17 15:00:00-04:00,34.493637
2019-03-17 16:00:00-04:00,47.730377
2019-03-17 17:00:00-04:00,28.10289
2019-03-17 18:00:00-04:00,52.558685
2019-03-17 19:00:00-04:00,45.380966
2019-03-17 20:00:00-04:00,18.066818
2019-03-17 21:00:00-04:00,14.228256
2019-03-17 22:00:00-04:00,31.85083
2019-03-17 23:00:00-04:00,33.337555
2019-03-18 00:00:00-04:00,23.699097
2019-03-18 01:00:00-04:00,1.625824
2019-03-18 02:00:00-04:00,0.8896637
2019-03-18 03:00:00-04:00,1.6210327
2019-03-18 04:00:00-04:00,2.2389374
2019-03-18 05:00:00-04:00,1.9575806
2019-03-18 06:00:00-04:00,6.505432
2019-03-18 07:00:00-04:00,49.29596
2019-03-18 08:00:00-04:00,52.324768
2019-03-18 09:00:00-04:00,34.624344
2019-03-18 10:00:00-04:00,40.70819
2019-03-18 11:00:00-04:00,30.618927
2019-03-18 12:00:00-04:00,26.798416
2019-03-18 13:00:00-04:00,31.524384
2019-03-18 14:00:00-04:00,23.965729
2019-03-18 15:00:00-04:00,9.45253
2019-03-18 16:00:00-04:00,33.028137
2019-03-18 17:00:00-04:00,23.01654
2019-03-18 18:00:00-04:00,32.941544
2019-03-18 19:00:00-04:00,33.270462
2019-03-18 20:00:00-04:00,55.814926
2019-03-18 21:00:00-04:00,13.446106
2019-03-18 22:00:00-04:00,33.775085
2019-03-18 23:00:00-04:00,40.241364
2019-03-19 00:00:00-04:00,14.9548645
2019-03-19 01:00:00-04:00,1.5338745
2019-03-19 02:00:00-04:00,2.0997925
2019-03-19 03:00:00-04:00,4.028061
2019-03-19 04:00:00-04:00,6.0605316
2019-03-19 05:00:00-04:00,10.448837
2019-03-19 06:00:00-04:00,24.6958
2019-03-19 07:00:00-04:00,42.4236
2019-03-19 08:00:00-04:00,37.957718
2019-03-19 09:00:00-04:00,12.334381
2019-03-19 10:00:00-04:00,22.641602
2019-03-19 11:00:00-04:00,36.198257
2019-03-19 12:00:00-04:00,40.469437
2019-03-19 13:00:00-04:00,25.038773
2019-03-19 14:00:00-04:00,30.433426
2019-03-19 15:00:00-04:00,18.38861
2019-03-19 16:00:00-04:00,7.264862
2019-03-19 17:00:00-04:00,6.283371
2019-03-19 18:00:00-04:00,41.574768
2019-03-19 19:00:00-04:00,43.832794
2019-03-19 20:00:00-04:00,57.57213
2019-03-19 21:00:00-04:00,8.739288
2019-03-19 22:00:00-04:00,35.118317
2019-03-19 23:00:00-04:00,41.00531
2019-03-20 00:00:00-04:00,17.64238
2019-03-20 01:00:00-04:00,3.4461365
2019-03-20 02:00:00-04:00,9.02034
2019-03-20 03:00:00-04:00,7.9783783
2019-03-20 04:00:00-04:00,13.122696
2019-03-20 05:00:00-04:00,11.42157
2019-03-20 06:00:00-04:00,11.476837
2019-03-20 07:00:00-04:00,66.90224
2019-03-20 08:00:00-04:00,65.82158
2019-03-20 09:00:00-04:00,20.07399
2019-03-20 10:00:00-04:00,6.5922394
2019-03-20 11:00:00-04:00,15.242416
2019-03-20 12:00:00-04:00,31.31868
2019-03-20 13:00:00-04:00,33.682236
2019-03-20 14:00:00-04:00,34.30446
2019-03-20 15:00:00-04:00,32.468124
2019-03-20 16:00:00-04:00,28.28572
2019-03-20 17:00:00-04:00,21.029404
2019-03-20 18:00:00-04:00,41.034332
2019-03-20 19:00:00-04:00,51.681885
2019-03-20 20:00:00-04:00,34.905228
2019-03-20 21:00:00-04:00,9.661575
2019-03-20 22:00:00-04:00,32.993973
2019-03-20 23:00:00-04:00,41.25644
2019-03-21 00:00:00-04:00,22.989212
2019-03-21 01:00:00-04:00,4.1191864
2019-03-21 02:00:00-04:00,4.8854523
2019-03-21 03:00:00-04:00,10.852631
2019-03-21 04:00:00-04:00,24.073502
2019-03-21 05:00:00-04:00,25.25705
2019-03-21 06:00:00-04:00,18.775635
2019-03-21 07:00:00-04:00,47.987152
2019-03-21 08:00:00-04:00,39.67299
2019-03-21 09:00:00-04:00,46.187607
2019-03-21 10:00:00-04:00,32.207535
2019-03-21 11:00:00-04:00,16.91861
2019-03-21 12:00:00-04:00,9.862564
2019-03-21 13:00:00-04:00,33.984512
2019-03-21 14:00:00-04:00,23.20874
2019-03-21 15:00:00-04:00,15.371735
2019-03-21 16:00:00-04:00,20.323761
2019-03-21 17:00:00-04:00,43.63002
2019-03-21 18:00:00-04:00,37.53418
2019-03-21 19:00:00-04:00,75.022064
2019-03-21 20:00:00-04:00,36.72531
2019-03-21 21:00:00-04:00,14.030029
2019-03-21 22:00:00-04:00,34.435486
2019-03-21 23:00:00-04:00,38.897797
2019-03-22 00:00:00-04:00,39.166367
2019-03-22 01:00:00-04:00,14.164627
2019-03-22 02:00:00-04:00,15.99054
2019-03-22 03:00:00-04:00,13.191238
2019-03-22 04:00:00-04:00,13.877533
2019-03-22 05:00:00-04:00,14.714203
2019-03-22 06:00:00-04:00,27.680359
2019-03-22 07:00:00-04:00,52.438507
2019-03-22 08:00:00-04:00,65.400345
2019-03-22 09:00:00-04:00,21.467972
2019-03-22 10:00:00-04:00,27.072525
2019-03-22 11:00:00-04:00,15.1085205
2019-03-22 12:00:00-04:00,33.09677
2019-03-22 13:00:00-04:00,34.979996
2019-03-22 14:00:00-04:00,40.130844
2019-03-22 15:00:00-04:00,34.539734
2019-03-22 16:00:00-04:00,30.061432
2019-03-22 17:00:00-04:00,28.864273
2019-03-22 18:00:00-04:00,39.75374
2019-03-22 19:00:00-04:00,31.259216
2019-03-22 20:00:00-04:00,71.653015
2019-03-22 21:00:00-04:00,27.185425
2019-03-22 22:00:00-04:00,39.41417
2019-03-22 23:00:00-04:00,30.65866
2019-03-23 00:00:00-04:00,38.77289
2019-03-23 01:00:00-04:00,16.945465
2019-03-23 02:00:00-04:00,20.809738
2019-03-23 03:00:00-04:00,18.735825
2019-03-23 04:00:00-04:00,17.933502
2019-03-23 05:00:00-04:00,18.944046
2019-03-23 06:00:00-04:00,33.67534
2019-03-23 07:00:00-04:00,27.559769
2019-03-23 08:00:00-04:00,50.718323
2019-03-23 09:00:00-04:00,70.4229
2019-03-23 10:00:00-04:00,43.29576
2019-03-23 11:00:00-04:00,25.72548
2019-03-23 12:00:00-04:00,16.270676
2019-03-23 13:00:00-04:00,22.981827
2019-03-23 14:00:00-04:00,36.981308
2019-03-23 15:00:00-04:00,29.496765
2019-03-23 16:00:00-04:00,12.2018585
2019-03-23 17:00:00-04:00,32.897705
2019-03-23 18:00:00-04:00,43.61467
2019-03-23 19:00:00-04:00,37.724243
2019-03-23 20:00:00-04:00,34.639206
2019-03-23 21:00:00-04:00,38.18579
2019-03-23 22:00:00-04:00,42.511993
2019-03-23 23:00:00-04:00,43.016006
2019-03-24 00:00:00-04:00,34.21959
2019-03-24 01:00:00-04:00,20.498459
2019-03-24 02:00:00-04:00,20.296768
2019-03-24 03:00:00-04:00,23.863281
2019-03-24 04:00:00-04:00,17.020477
2019-03-24 05:00:00-04:00,21.163208
2019-03-24 06:00:00-04:00,29.371262
2019-03-24 07:00:00-04:00,39.711685
2019-03-24 08:00:00-04:00,38.709885
2019-03-24 09:00:00-04:00,30.176483
2019-03-24 10:00:00-04:00,27.811478
2019-03-24 11:00:00-04:00,30.03453
2019-03-24 12:00:00-04:00,43.269638
2019-03-24 13:00:00-04:00,55.282303
2019-03-24 14:00:00-04:00,56.264038
2019-03-24 15:00:00-04:00,39.811417
2019-03-24 16:00:00-04:00,30.96547
2019-03-24 17:00:00-04:00,29.576416
2019-03-24 18:00:00-04:00,38.708405
2019-03-24 19:00:00-04:00,44.322952
2019-03-24 20:00:00-04:00,64.05582
2019-03-24 21:00:00-04:00,34.51367
2019-03-24 22:00:00-04:00,40.234604
2019-03-24 23:00:00-04:00,42.451324
2019-03-25 00:00:00-04:00,31.73613
2019-03-25 01:00:00-04:00,28.331985
2019-03-25 02:00:00-04:00,26.12703
2019-03-25 03:00:00-04:00,29.692245
2019-03-25 04:00:00-04:00,34.133774
2019-03-25 05:00:00-04:00,31.834656
2019-03-25 06:00:00-04:00,38.493378
2019-03-25 07:00:00-04:00,47.810333
2019-03-25 08:00:00-04:00,41.974686
2019-03-25 09:00:00-04:00,35.24095
2019-03-25 10:00:00-04:00,55.4048
2019-03-25 11:00:00-04:00,39.126816
2019-03-25 12:00:00-04:00,37.298584
2019-03-25 13:00:00-04:00,34.164
2019-03-25 14:00:00-04:00,36.090363
2019-03-25 15:00:00-04:00,38.944016
2019-03-25 16:00:00-04:00,35.31833
2019-03-25 17:00:00-04:00,37.213074
2019-03-25 18:00:00-04:00,32.06357
2019-03-25 19:00:00-04:00,40.768753
2019-03-25 20:00:00-04:00,63.0708
2019-03-25 21:00:00-04:00,30.812363
2019-03-25 22:00:00-04:00,34.064438
2019-03-25 23:00:00-04:00,38.336945
2019-03-26 00:00:00-04:00,28.211853
2019-03-26 01:00:00-04:00,18.148834
2019-03-26 02:00:00-04:00,17.171494
2019-03-26 03:00:00-04:00,24.909805
2019-03-26 04:00:00-04:00,29.29625
2019-03-26 05:00:00-04:00,28.772766
2019-03-26 06:00:00-04:00,30.693085
2019-03-26 07:00:00-04:00,70.58501
2019-03-26 08:00:00-04:00,39.28807
2019-03-26 09:00:00-04:00,49.481262
2019-03-26 10:00:00-04:00,32.67169
2019-03-26 11:00:00-04:00,23.66504
2019-03-26 12:00:00-04:00,32.987427
2019-03-26 13:00:00-04:00,35.460938
2019-03-26 14:00:00-04:00,32.1633
2019-03-26 15:00:00-04:00,29.449402
2019-03-26 16:00:00-04:00,29.034653
2019-03-26 17:00:00-04:00,26.120117
2019-03-26 18:00:00-04:00,39.95575
2019-03-26 19:00:00-04:00,79.6248
2019-03-26 20:00:00-04:00,36.49672
2019-03-26 21:00:00-04:00,26.13559
2019-03-26 22:00:00-04:00,34.980316
2019-03-26 23:00:00-04:00,42.09761
2019-03-27 00:00:00-04:00,41.60614
2019-03-27 01:00:00-04:00,34.816147
2019-03-27 02:00:00-04:00,25.464264
2019-03-27 03:00:00-04:00,30.248276
2019-03-27 04:00:00-04:00,33.319275
2019-03-27 05:00:00-04:00,31.13565
2019-03-27 06:00:00-04:00,33.16655
2019-03-27 07:00:00-04:00,83.257034
2019-03-27 08:00:00-04:00,33.968506
2019-03-27 09:00:00-04:00,25.987808
2019-03-27 10:00:00-04:00,21.43306
2019-03-27 11:00:00-04:00,29.668167
2019-03-27 12:00:00-04:00,38.600983
2019-03-27 13:00:00-04:00,37.318893
2019-03-27 14:00:00-04:00,37.702164
2019-03-27 15:00:00-04:00,38.07843
2019-03-27 16:00:00-04:00,28.87973
2019-03-27 17:00:00-04:00,47.97296
2019-03-27 18:00:00-04:00,43.012924
2019-03-27 19:00:00-04:00,74.242294
2019-03-27 20:00:00-04:00,27.66066
2019-03-27 21:00:00-04:00,27.194412
2019-03-27 22:00:00-04:00,29.726044
2019-03-27 23:00:00-04:00,43.140182
2019-03-28 00:00:00-04:00,42.56317
2019-03-28 01:00:00-04:00,32.211304
2019-03-28 02:00:00-04:00,27.667816
2019-03-28 03:00:00-04:00,29.188828
2019-03-28 04:00:00-04:00,30.990417
2019-03-28 05:00:00-04:00,30.693481
2019-03-28 06:00:00-04:00,33.356216
2019-03-28 07:00:00-04:00,66.279755
2019-03-28 08:00:00-04:00,44.83963
2019-03-28 09:00:00-04:00,25.350174
2019-03-28 10:00:00-04:00,62.856552
2019-03-28 11:00:00-04:00,23.135635
2019-03-28 12:00:00-04:00,34.966476
2019-03-28 13:00:00-04:00,38.85904
2019-03-28 14:00:00-04:00,38.705612
2019-03-28 15:00:00-04:00,39.957245
2019-03-28 16:00:00-04:00,38.862213
2019-03-28 17:00:00-04:00,38.701477
2019-03-28 18:00:00-04:00,44.08635
2019-03-28 19:00:00-04:00,95.40396
2019-03-28 20:00:00-04:00,47.952667
2019-03-28 21:00:00-04:00,31.955322
2019-03-28 22:00:00-04:00,41.1308
2019-03-28 23:00:00-04:00,46.065918
2019-03-29 00:00:00-04:00,31.375519
2019-03-29 01:00:00-04:00,29.58162
2019-03-29 02:00:00-04:00,29.691208
2019-03-29 03:00:00-04:00,31.983246
2019-03-29 04:00:00-04:00,35.11322
2019-03-29 05:00:00-04:00,33.72728
2019-03-29 06:00:00-04:00,38.824768
2019-03-29 07:00:00-04:00,55.802963
2019-03-29 08:00:00-04:00,44.73192
2019-03-29 09:00:00-04:00,61.124893
2019-03-29 10:00:00-04:00,36.53421
2019-03-29 11:00:00-04:00,29.29161
2019-03-29 12:00:00-04:00,41.19478
2019-03-29 13:00:00-04:00,39.027893
2019-03-29 14:00:00-04:00,57.236923
2019-03-29 15:00:00-04:00,40.70851
2019-03-29 16:00:00-04:00,35.793335
2019-03-29 17:00:00-04:00,35.672333
2019-03-29 18:00:00-04:00,31.166016
2019-03-29 19:00:00-04:00,60.694443
2019-03-29 20:00:00-04:00,91.728424
2019-03-29 21:00:00-04:00,31.144608
2019-03-29 22:00:00-04:00,32.520844
2019-03-29 23:00:00-04:00,32.4028
2019-03-30 00:00:00-04:00,46.688797
2019-03-30 01:00:00-04:00,46.43048
2019-03-30 02:00:00-04:00,34.08821
2019-03-30 03:00:00-04:00,30.01831
2019-03-30 04:00:00-04:00,30.553757
2019-03-30 05:00:00-04:00,30.84842
2019-03-30 06:00:00-04:00,38.31221
2019-03-30 07:00:00-04:00,39.40985
2019-03-30 08:00:00-04:00,58.069916
2019-03-30 09:00:00-04:00,35.587326
2019-03-30 10:00:00-04:00,35.22586
2019-03-30 11:00:00-04:00,47.091248
2019-03-30 12:00:00-04:00,66.948456
2019-03-30 13:00:00-04:00,30.218063
2019-03-30 14:00:00-04:00,34.46974
2019-03-30 15:00:00-04:00,30.26155
2019-03-30 16:00:00-04:00,38.854034
2019-03-30 17:00:00-04:00,41.30574
2019-03-30 18:00:00-04:00,46.39467
2019-03-30 19:00:00-04:00,45.958603
2019-03-30 20:00:00-04:00,61.313843
2019-03-30 21:00:00-04:00,35.02829
2019-03-30 22:00:00-04:00,32.019196
2019-03-30 23:00:00-04:00,43.802246
2019-03-31 00:00:00-04:00,44.848312
2019-03-31 01:00:00-04:00,36.96721
2019-03-31 02:00:00-04:00,32.021637
2019-03-31 03:00:00-04:00,33.18541
2019-03-31 04:00:00-04:00,34.16455
2019-03-31 05:00:00-04:00,36.226166
2019-03-31 06:00:00-04:00,34.869476
2019-03-31 07:00:00-04:00,40.673294
2019-03-31 08:00:00-04:00,40.394943
2019-03-31 09:00:00-04:00,40.08362
2019-03-31 10:00:00-04:00,61.814392
2019-03-31 11:00:00-04:00,53.433746
2019-03-31 12:00:00-04:00,58.370987
2019-03-31 13:00:00-04:00,25.096619
2019-03-31 14:00:00-04:00,45.71341
2019-03-31 15:00:00-04:00,40.858856
2019-03-31 16:00:00-04:00,39.47557
2019-03-31 17:00:00-04:00,45.070267
2019-03-31 18:00:00-04:00,41.427704
2019-03-31 19:00:00-04:00,42.878708
2019-03-31 20:00:00-04:00,71.22221
2019-03-31 21:00:00-04:00,35.105515
2019-03-31 22:00:00-04:00,45.351456
2019-03-31 23:00:00-04:00,44.707474
2019-04-01 00:00:00-04:00,33.74965
2019-04-01 01:00:00-04:00,32.889465
2019-04-01 02:00:00-04:00,30.803741
2019-04-01 03:00:00-04:00,31.909637
2019-04-01 04:00:00-04:00,31.800262
2019-04-01 05:00:00-04:00,32.84813
2019-04-01 06:00:00-04:00,37.11873
2019-04-01 07:00:00-04:00,56.352753
2019-04-01 08:00:00-04:00,64.06056
2019-04-01 09:00:00-04:00,41.95256
2019-04-01 10:00:00-04:00,39.70514
2019-04-01 11:00:00-04:00,40.32663
2019-04-01 12:00:00-04:00,36.308136
2019-04-01 13:00:00-04:00,26.273819
2019-04-01 14:00:00-04:00,25.68309
2019-04-01 15:00:00-04:00,29.022125
2019-04-01 16:00:00-04:00,32.082077
2019-04-01 17:00:00-04:00,40.079285
2019-04-01 18:00:00-04:00,35.246506
2019-04-01 19:00:00-04:00,51.4644
2019-04-01 20:00:00-04:00,69.00694
2019-04-01 21:00:00-04:00,36.90779
2019-04-01 22:00:00-04:00,46.494034
2019-04-01 23:00:00-04:00,43.636597
2019-04-02 00:00:00-04:00,39.343567
2019-04-02 01:00:00-04:00,29.683762
2019-04-02 02:00:00-04:00,32.067993
2019-04-02 03:00:00-04:00,31.593018
2019-04-02 04:00:00-04:00,33.830948
2019-04-02 05:00:00-04:00,34.184647
2019-04-02 06:00:00-04:00,44.609207
2019-04-02 07:00:00-04:00,67.235825
2019-04-02 08:00:00-04:00,45.636063
2019-04-02 09:00:00-04:00,59.378983
2019-04-02 10:00:00-04:00,36.47267
2019-04-02 11:00:00-04:00,31.884125
2019-04-02 12:00:00-04:00,34.691116
2019-04-02 13:00:00-04:00,36.769882
2019-04-02 14:00:00-04:00,38.298492
2019-04-02 15:00:00-04:00,38.89821
2019-04-02 16:00:00-04:00,39.286102
2019-04-02 17:00:00-04:00,42.782043
2019-04-02 18:00:00-04:00,43.920685
2019-04-02 19:00:00-04:00,81.21365
2019-04-02 20:00:00-04:00,27.610931
2019-04-02 21:00:00-04:00,36.17003
2019-04-02 22:00:00-04:00,47.16458
2019-04-02 23:00:00-04:00,46.02394
2019-04-03 00:00:00-04:00,34.203125
2019-04-03 01:00:00-04:00,32.490936
2019-04-03 02:00:00-04:00,34.00241
2019-04-03 03:00:00-04:00,35.560135
2019-04-03 04:00:00-04:00,36.34738
2019-04-03 05:00:00-04:00,35.40056
2019-04-03 06:00:00-04:00,38.54277
2019-04-03 07:00:00-04:00,56.933273
2019-04-03 08:00:00-04:00,59.41649
2019-04-03 09:00:00-04:00,40.967606
2019-04-03 10:00:00-04:00,35.91954
2019-04-03 11:00:00-04:00,37.94075
2019-04-03 12:00:00-04:00,39.55789
2019-04-03 13:00:00-04:00,40.8183
2019-04-03 14:00:00-04:00,40.8795
2019-04-03 15:00:00-04:00,39.945114
2019-04-03 16:00:00-04:00,38.04782
2019-04-03 17:00:00-04:00,34.534668
2019-04-03 18:00:00-04:00,40.87474
2019-04-03 19:00:00-04:00,41.955154
2019-04-03 20:00:00-04:00,93.81363
2019-04-03 21:00:00-04:00,29.512344
2019-04-03 22:00:00-04:00,33.69818
2019-04-03 23:00:00-04:00,47.045746
2019-04-04 00:00:00-04:00,47.35823
2019-04-04 01:00:00-04:00,33.36966
2019-04-04 02:00:00-04:00,29.83197
2019-04-04 03:00:00-04:00,30.230576
2019-04-04 04:00:00-04:00,32.58702
2019-04-04 05:00:00-04:00,33.823242
2019-04-04 06:00:00-04:00,34.589294
2019-04-04 07:00:00-04:00,76.69975
2019-04-04 08:00:00-04:00,40.719833
2019-04-04 09:00:00-04:00,37.675323
2019-04-04 10:00:00-04:00,50.335342
2019-04-04 11:00:00-04:00,34.99547
2019-04-04 12:00:00-04:00,33.74086
2019-04-04 13:00:00-04:00,36.59317
2019-04-04 14:00:00-04:00,38.818497
2019-04-04 15:00:00-04:00,39.72545
2019-04-04 16:00:00-04:00,36.229492
2019-04-04 17:00:00-04:00,52.65526
2019-04-04 18:00:00-04:00,41.85025
2019-04-04 19:00:00-04:00,43.982788
2019-04-04 20:00:00-04:00,78.1393
2019-04-04 21:00:00-04:00,34.17154
2019-04-04 22:00:00-04:00,48.565216
2019-04-04 23:00:00-04:00,46.439865
2019-04-05 00:00:00-04:00,35.13478
2019-04-05 01:00:00-04:00,32.274048
2019-04-05 02:00:00-04:00,33.003174
2019-04-05 03:00:00-04:00,34.362656
2019-04-05 04:00:00-04:00,36.03705
2019-04-05 05:00:00-04:00,35.773666
2019-04-05 06:00:00-04:00,38.92897
2019-04-05 07:00:00-04:00,58.068466
2019-04-05 08:00:00-04:00,48.680923
2019-04-05 09:00:00-04:00,49.893433
2019-04-05 10:00:00-04:00,36.6877
2019-04-05 11:00:00-04:00,32.899307
2019-04-05 12:00:00-04:00,43.276443
2019-04-05 13:00:00-04:00,40.046097
2019-04-05 14:00:00-04:00,35.729294
2019-04-05 15:00:00-04:00,34.65358
2019-04-05 16:00:00-04:00,34.294952
2019-04-05 17:00:00-04:00,40.017654
2019-04-05 18:00:00-04:00,44.961395
2019-04-05 19:00:00-04:00,40.42769
2019-04-05 20:00:00-04:00,75.760254
2019-04-05 21:00:00-04:00,29.549759
2019-04-05 22:00:00-04:00,35.635223
2019-04-05 23:00:00-04:00,48.780487
2019-04-06 00:00:00-04:00,47.71205
2019-04-06 01:00:00-04:00,36.10588
2019-04-06 02:00:00-04:00,33.93216
2019-04-06 03:00:00-04:00,34.357697
2019-04-06 04:00:00-04:00,34.814987
2019-04-06 05:00:00-04:00,34.878433
2019-04-06 06:00:00-04:00,41.255936
2019-04-06 07:00:00-04:00,43.50322
2019-04-06 08:00:00-04:00,65.209915
2019-04-06 09:00:00-04:00,57.903793
2019-04-06 10:00:00-04:00,36.282867
2019-04-06 11:00:00-04:00,40.39206
2019-04-06 12:00:00-04:00,41.341278
2019-04-06 13:00:00-04:00,38.805267
2019-04-06 14:00:00-04:00,46.64264
2019-04-06 15:00:00-04:00,40.865967
2019-04-06 16:00:00-04:00,35.94336
2019-04-06 17:00:00-04:00,44.468628
2019-04-06 18:00:00-04:00,39.362457
2019-04-06 19:00:00-04:00,61.117935
2019-04-06 20:00:00-04:00,84.9592
2019-04-06 21:00:00-04:00,35.390976
2019-04-06 22:00:00-04:00,38.232605
2019-04-06 23:00:00-04:00,43.30867
2019-04-07 00:00:00-04:00,45.767838
2019-04-07 01:00:00-04:00,44.8423
2019-04-07 02:00:00-04:00,37.67102
2019-04-07 03:00:00-04:00,35.35916
2019-04-07 04:00:00-04:00,35.32628
2019-04-07 05:00:00-04:00,35.38292
2019-04-07 06:00:00-04:00,35.655
2019-04-07 07:00:00-04:00,35.95665
2019-04-07 08:00:00-04:00,37.514862
2019-04-07 09:00:00-04:00,44.635574
2019-04-07 10:00:00-04:00,80.51793
2019-04-07 11:00:00-04:00,33.655914
2019-04-07 12:00:00-04:00,37.308746
2019-04-07 13:00:00-04:00,35.43457
2019-04-07 14:00:00-04:00,39.693695
2019-04-07 15:00:00-04:00,35.74904
2019-04-07 16:00:00-04:00,48.631927
2019-04-07 17:00:00-04:00,38.15204
2019-04-07 18:00:00-04:00,32.947052
2019-04-07 19:00:00-04:00,57.51184
2019-04-07 20:00:00-04:00,62.348892
2019-04-07 21:00:00-04:00,33.68843
2019-04-07 22:00:00-04:00,40.2191
2019-04-07 23:00:00-04:00,32.972336
2019-04-08 00:00:00-04:00,32.410065
2019-04-08 01:00:00-04:00,33.71971
2019-04-08 02:00:00-04:00,35.46701
2019-04-08 03:00:00-04:00,36.601532
2019-04-08 04:00:00-04:00,37.48973
2019-04-08 05:00:00-04:00,64.96796
2019-04-08 06:00:00-04:00,38.945297
2019-04-08 07:00:00-04:00,45.49495
2019-04-08 08:00:00-04:00,44.799377
2019-04-08 09:00:00-04:00,51.837677
2019-04-08 10:00:00-04:00,38.588562
2019-04-08 11:00:00-04:00,37.311554
2019-04-08 12:00:00-04:00,46.1678
2019-04-08 13:00:00-04:00,44.7751
2019-04-08 14:00:00-04:00,45.548035
2019-04-08 15:00:00-04:00,32.108246
2019-04-08 16:00:00-04:00,35.775635
2019-04-08 17:00:00-04:00,41.008545
2019-04-08 18:00:00-04:00,44.26129
2019-04-08 19:00:00-04:00,109.18089
2019-04-08 20:00:00-04:00,32.769333
2019-04-08 21:00:00-04:00,37.709137
2019-04-08 22:00:00-04:00,36.39267
2019-04-08 23:00:00-04:00,47.926254
2019-04-09 00:00:00-04:00,44.81714
2019-04-09 01:00:00-04:00,40.123
2019-04-09 02:00:00-04:00,34.773666
2019-04-09 03:00:00-04:00,35.720093
2019-04-09 04:00:00-04:00,35.334335
2019-04-09 05:00:00-04:00,35.235107
2019-04-09 06:00:00-04:00,37.530487
2019-04-09 07:00:00-04:00,81.21112
2019-04-09 08:00:00-04:00,58.74292
2019-04-09 09:00:00-04:00,37.534256
2019-04-09 10:00:00-04:00,37.580444
2019-04-09 11:00:00-04:00,35.057724
2019-04-09 12:00:00-04:00,34.61229
2019-04-09 13:00:00-04:00,35.82811
2019-04-09 14:00:00-04:00,37.170837
2019-04-09 15:00:00-04:00,38.330765
2019-04-09 16:00:00-04:00,36.851837
2019-04-09 17:00:00-04:00,37.22206
2019-04-09 18:00:00-04:00,51.06813
2019-04-09 19:00:00-04:00,82.409164
2019-04-09 20:00:00-04:00,50.16284
2019-04-09 21:00:00-04:00,35.752518
2019-04-09 22:00:00-04:00,44.091934
2019-04-09 23:00:00-04:00,44.35286
2019-04-10 00:00:00-04:00,46.89879
2019-04-10 01:00:00-04:00,34.601425
2019-04-10 02:00:00-04:00,35.35417
2019-04-10 03:00:00-04:00,34.369843
2019-04-10 04:00:00-04:00,35.674927
2019-04-10 05:00:00-04:00,36.06459
2019-04-10 06:00:00-04:00,38.245285
2019-04-10 07:00:00-04:00,69.68419
2019-04-10 08:00:00-04:00,58.346436
2019-04-10 09:00:00-04:00,42.0372
2019-04-10 10:00:00-04:00,36.9142
2019-04-10 11:00:00-04:00,34.96286
2019-04-10 12:00:00-04:00,37.014313
2019-04-10 13:00:00-04:00,38.180008
2019-04-10 14:00:00-04:00,36.468323
2019-04-10 15:00:00-04:00,35.607376
2019-04-10 16:00:00-04:00,36.39038
2019-04-10 17:00:00-04:00,47.47554
2019-04-10 18:00:00-04:00,39.93045
2019-04-10 19:00:00-04:00,55.385376
2019-04-10 20:00:00-04:00,59.923462
2019-04-10 21:00:00-04:00,38.66066
2019-04-10 22:00:00-04:00,49.80156
2019-04-10 23:00:00-04:00,48.45955
2019-04-11 00:00:00-04:00,36.830322
2019-04-11 01:00:00-04:00,35.023254
2019-04-11 02:00:00-04:00,35.736557
2019-04-11 03:00:00-04:00,35.81099
2019-04-11 04:00:00-04:00,36.164886
2019-04-11 05:00:00-04:00,36.168625
2019-04-11 06:00:00-04:00,40.240555
2019-04-11 07:00:00-04:00,79.08145
2019-04-11 08:00:00-04:00,47.71866
2019-04-11 09:00:00-04:00,52.41394
2019-04-11 10:00:00-04:00,38.562347
2019-04-11 11:00:00-04:00,35.760773
2019-04-11 12:00:00-04:00,35.126602
2019-04-11 13:00:00-04:00,36.632675
2019-04-11 14:00:00-04:00,38.021393
2019-04-11 15:00:00-04:00,38.84993
2019-04-11 16:00:00-04:00,38.837326
2019-04-11 17:00:00-04:00,52.057053
2019-04-11 18:00:00-04:00,42.916656
2019-04-11 19:00:00-04:00,41.495132
2019-04-11 20:00:00-04:00,71.81395
2019-04-11 21:00:00-04:00,37.899963
2019-04-11 22:00:00-04:00,35.71768
2019-04-11 23:00:00-04:00,38.46312
2019-04-12 00:00:00-04:00,48.853455
2019-04-12 01:00:00-04:00,47.227783
2019-04-12 02:00:00-04:00,34.055588
2019-04-12 03:00:00-04:00,34.729263
2019-04-12 04:00:00-04:00,36.342484
2019-04-12 05:00:00-04:00,37.489822
2019-04-12 06:00:00-04:00,36.89615
2019-04-12 07:00:00-04:00,72.51849
2019-04-12 08:00:00-04:00,58.53398
2019-04-12 09:00:00-04:00,42.22267
2019-04-12 10:00:00-04:00,47.24347
2019-04-12 11:00:00-04:00,47.941635
2019-04-12 12:00:00-04:00,43.609604
2019-04-12 13:00:00-04:00,43.508514
2019-04-12 14:00:00-04:00,37.735077
2019-04-12 15:00:00-04:00,37.156723
2019-04-12 16:00:00-04:00,36.91452
2019-04-12 17:00:00-04:00,36.15164
2019-04-12 18:00:00-04:00,36.284256
2019-04-12 19:00:00-04:00,36.43553
2019-04-12 20:00:00-04:00,36.533646
2019-04-12 21:00:00-04:00,36.551743
2019-04-12 22:00:00-04:00,36.860504
2019-04-12 23:00:00-04:00,37.047043
2019-04-13 00:00:00-04:00,36.071808
2019-04-13 01:00:00-04:00,35.77005
2019-04-13 02:00:00-04:00,35.581955
2019-04-13 03:00:00-04:00,36.905518
2019-04-13 04:00:00-04:00,40.516113
2019-04-13 05:00:00-04:00,42.784637
2019-04-13 06:00:00-04:00,40.401047
2019-04-13 07:00:00-04:00,38.55919
2019-04-13 08:00:00-04:00,38.76848
2019-04-13 09:00:00-04:00,39.092407
2019-04-13 10:00:00-04:00,39.54985
2019-04-13 11:00:00-04:00,36.843445
