Zone,Threshold,,,,,-0.064745,0.064745,,,,
Master Bath,0.005,,,,,-0.064043333,0.064043333,,0.011276944,#N/A,#N/A
Kitchen Den Light,0.01,,,,,-0.0536425,0.0536425,,,,
Dishwasher,0.1,,,,,-0.046132222,0.046132222,,,,
dryer,0.1,,,,,-0.045675278,0.045675278,,,,
guest bathroom,0.01,,,,,-0.045371667,0.045371667,,,,
,,,,,,-0.045162778,0.045162778,,,,
,,,,,,-0.043593611,0.043593611,,,,
,,,,,,-0.040833056,0.040833056,,,,
,,,,,,-0.040697222,0.040697222,,,,
,,,,,,-0.040493056,0.040493056,,,,
,,,,,,-0.039885556,0.039885556,,,,
,,,,,,-0.03933,0.03933,,,,
,,,,,,-0.039131111,0.039131111,,,,
,,,,,,-0.039025278,0.039025278,,,,
,,,,,,-0.038880556,0.038880556,,,,
,,,,,,-0.038875,0.038875,,,,
,,,,,,-0.038290556,0.038290556,,,,
,,,,,,-0.038144722,0.038144722,,,,
,,,,,,-0.037120833,0.037120833,,,,
,,,,,,-0.037060278,0.037060278,,,,
,,,,,,-0.036864722,0.036864722,,,,
,,,,,,-0.036553889,0.036553889,,,,
,,,,,,-0.036151389,0.036151389,,,,
,,,,,,-0.035565556,0.035565556,,,,
,,,,,,-0.034848889,0.034848889,,,,
,,,,,,-0.0345225,0.0345225,,,,
,,,,,,-0.034324167,0.034324167,,,,
,,,,,,-0.034191389,0.034191389,,,,
,,,,,,-0.033999444,0.033999444,,,,
,,,,,,-0.033838889,0.033838889,,,,
,,,,,,-0.033606389,0.033606389,,,,
,,,,,,-0.0332575,0.0332575,,,,
,,,,,,-0.033013611,0.033013611,,,,
,,,,,,-0.032560278,0.032560278,,,,
,,,,,,-0.032293611,0.032293611,,,,
,,,,,,-0.032291667,0.032291667,,,,
,,,,,,-0.031656111,0.031656111,,,,
,,,,,,-0.031529722,0.031529722,,,,
,,,,,,-0.031386389,0.031386389,,,,
,,,,,,-0.030613611,0.030613611,,,,
,,,,,,-0.030547222,0.030547222,,,,
,,,,,,-0.030490278,0.030490278,,,,
,,,,,,-0.030455,0.030455,,,,
,,,,,,-0.030433611,0.030433611,,,,
,,,,,,-0.030372222,0.030372222,,,,
,,,,,,-0.030361944,0.030361944,,,,
,,,,,,-0.030279722,0.030279722,,,,
,,,,,,-0.030247778,0.030247778,,,,
,,,,,,-0.030196667,0.030196667,,,,
,,,,,,-0.030190278,0.030190278,,,,
,,,,,,-0.030126111,0.030126111,,,,
,,,,,,-0.030111944,0.030111944,,,,
,,,,,,-0.0300975,0.0300975,,,,
,,,,,,-0.029987778,0.029987778,,,,
,,,,,,-0.029985,0.029985,,,,
,,,,,,-0.029970556,0.029970556,,,,
,,,,,,-0.029905556,0.029905556,,,,
,,,,,,-0.029806944,0.029806944,,,,
,,,,,,-0.029632778,0.029632778,,,,
,,,,,,-0.029244167,0.029244167,,,,
,,,,,,-0.028668889,0.028668889,,,,
,,,,,,-0.0283825,0.0283825,,,,
,,,,,,-0.027661111,0.027661111,,,,
,,,,,,-0.027613333,0.027613333,,,,
,,,,,,-0.026623889,0.026623889,,,,
,,,,,,-0.0265425,0.0265425,,,,
,,,,,,-0.026237222,0.026237222,,,,
,,,,,,-0.026195278,0.026195278,,,,
,,,,,,-0.026103889,0.026103889,,,,
,,,,,,-0.025939722,0.025939722,,,,
,,,,,,-0.025536111,0.025536111,,,,
,,,,,,-0.025431667,0.025431667,,,,
,,,,,,-0.025208333,0.025208333,,,,
,,,,,,-0.024450278,0.024450278,,,,
,,,,,,-0.024239722,0.024239722,,,,
,,,,,,-0.024116389,0.024116389,,,,
,,,,,,-0.024070833,0.024070833,,,,
,,,,,,-0.023870278,0.023870278,,,,
,,,,,,-0.023794167,0.023794167,,,,
,,,,,,-0.023723611,0.023723611,,,,
,,,,,,-0.023549722,0.023549722,,,,
,,,,,,-0.023240833,0.023240833,,,,
,,,,,,-0.022613889,0.022613889,,,,
,,,,,,-0.022503889,0.022503889,,,,
,,,,,,-0.021921111,0.021921111,,,,
,,,,,,-0.021821944,0.021821944,,,,
,,,,,,-0.021808333,0.021808333,,,,
,,,,,,-0.021751944,0.021751944,,,,
,,,,,,-0.021214444,0.021214444,,,,
,,,,,,-0.021012778,0.021012778,,,,
,,,,,,-0.020854722,0.020854722,,,,
,,,,,,-0.020651389,0.020651389,,,,
,,,,,,-0.019983333,0.019983333,,,,
,,,,,,-0.019965,0.019965,,,,
,,,,,,-0.019886667,0.019886667,,,,
,,,,,,-0.019874444,0.019874444,,,,
,,,,,,-0.019849167,0.019849167,,,,
,,,,,,-0.0195775,0.0195775,,,,
,,,,,,-0.019573611,0.019573611,,,,
,,,,,,-0.019391111,0.019391111,,,,
,,,,,,-0.019354444,0.019354444,,,,
,,,,,,-0.019245833,0.019245833,,,,
,,,,,,-0.019136667,0.019136667,,,,
,,,,,,-0.018940556,0.018940556,,,,
,,,,,,-0.018872222,0.018872222,,,,
,,,,,,-0.018720556,0.018720556,,,,
,,,,,,-0.018690833,0.018690833,,,,
,,,,,,-0.018629167,0.018629167,,,,
,,,,,,-0.018531667,0.018531667,,,,
,,,,,,-0.018514722,0.018514722,,,,
,,,,,,-0.018447222,0.018447222,,,,
,,,,,,-0.018396111,0.018396111,,,,
,,,,,,-0.018165278,0.018165278,,,,
,,,,,,-0.018151667,0.018151667,,,,
,,,,,,-0.018113056,0.018113056,,,,
,,,,,,-0.018106667,0.018106667,,,,
,,,,,,-0.01796,0.01796,,,,
,,,,,,-0.01789,0.01789,,,,
,,,,,,-0.017864444,0.017864444,,,,
,,,,,,-0.017719722,0.017719722,,,,
,,,,,,-0.017662222,0.017662222,,,,
,,,,,,-0.0176125,0.0176125,,,,
,,,,,,-0.017591944,0.017591944,,,,
,,,,,,-0.017493056,0.017493056,,,,
,,,,,,-0.01746,0.01746,,,,
,,,,,,-0.0172225,0.0172225,,,,
,,,,,,-0.017116667,0.017116667,,,,
,,,,,,-0.017076111,0.017076111,,,,
,,,,,,-0.017,0.017,,,,
,,,,,,-0.016861389,0.016861389,,,,
,,,,,,-0.016793056,0.016793056,,,,
,,,,,,-0.016764167,0.016764167,,,,
,,,,,,-0.016688611,0.016688611,,,,
,,,,,,-0.016606389,0.016606389,,,,
,,,,,,-0.016560278,0.016560278,,,,
,,,,,,-0.0164325,0.0164325,,,,
,,,,,,-0.016309722,0.016309722,,,,
,,,,,,-0.016240833,0.016240833,,,,
,,,,,,-0.016144167,0.016144167,,,,
,,,,,,-0.016051389,0.016051389,,,,
,,,,,,-0.0159675,0.0159675,,,,
,,,,,,-0.015955278,0.015955278,,,,
,,,,,,-0.015946667,0.015946667,,,,
,,,,,,-0.015905556,0.015905556,,,,
,,,,,,-0.015740833,0.015740833,,,,
,,,,,,-0.015712222,0.015712222,,,,
,,,,,,-0.015670833,0.015670833,,,,
,,,,,,-0.015596944,0.015596944,,,,
,,,,,,-0.015536389,0.015536389,,,,
,,,,,,-0.0154175,0.0154175,,,,
,,,,,,-0.015414167,0.015414167,,,,
,,,,,,-0.0153975,0.0153975,,,,
,,,,,,-0.015287222,0.015287222,,,,
,,,,,,-0.015247778,0.015247778,,,,
,,,,,,-0.01516,0.01516,,,,
,,,,,,-0.015080556,0.015080556,,,,
,,,,,,-0.015030833,0.015030833,,,,
,,,,,,-0.015015833,0.015015833,,,,
,,,,,,-0.014817222,0.014817222,,,,
,,,,,,-0.014814444,0.014814444,,,,
,,,,,,-0.014802222,0.014802222,,,,
,,,,,,-0.014763333,0.014763333,,,,
,,,,,,-0.014745278,0.014745278,,,,
,,,,,,-0.014533889,0.014533889,,,,
,,,,,,-0.014530556,0.014530556,,,,
,,,,,,-0.014409722,0.014409722,,,,
,,,,,,-0.014394444,0.014394444,,,,
,,,,,,-0.014348333,0.014348333,,,,
,,,,,,-0.014330278,0.014330278,,,,
,,,,,,-0.014275,0.014275,,,,
,,,,,,-0.014128611,0.014128611,,,,
,,,,,,-0.014084167,0.014084167,,,,
,,,,,,-0.014024722,0.014024722,,,,
,,,,,,-0.013974444,0.013974444,,,,
,,,,,,-0.0139575,0.0139575,,,,
,,,,,,-0.013882222,0.013882222,,,,
,,,,,,-0.013861389,0.013861389,,,,
,,,,,,-0.013677778,0.013677778,,,,
,,,,,,-0.013574722,0.013574722,,,,
,,,,,,-0.01355,0.01355,,,,
,,,,,,-0.013453056,0.013453056,,,,
,,,,,,-0.013341389,0.013341389,,,,
,,,,,,-0.013299167,0.013299167,,,,
,,,,,,-0.013299167,0.013299167,,,,
,,,,,,-0.013237222,0.013237222,,,,
,,,,,,-0.013201667,0.013201667,,,,
,,,,,,-0.013175278,0.013175278,,,,
,,,,,,-0.013153333,0.013153333,,,,
,,,,,,-0.0130975,0.0130975,,,,
,,,,,,-0.0130975,0.0130975,,,,
,,,,,,-0.013071667,0.013071667,,,,
,,,,,,-0.013037222,0.013037222,,,,
,,,,,,-0.013036111,0.013036111,,,,
,,,,,,-0.013004722,0.013004722,,,,
,,,,,,-0.012937778,0.012937778,,,,
,,,,,,-0.012890278,0.012890278,,,,
,,,,,,-0.012716944,0.012716944,,,,
,,,,,,-0.012712222,0.012712222,,,,
,,,,,,-0.012663333,0.012663333,,,,
,,,,,,-0.012660278,0.012660278,,,,
,,,,,,-0.012609444,0.012609444,,,,
,,,,,,-0.012586111,0.012586111,,,,
,,,,,,-0.012580556,0.012580556,,,,
,,,,,,-0.012579722,0.012579722,,,,
,,,,,,-0.012540278,0.012540278,,,,
,,,,,,-0.012466389,0.012466389,,,,
,,,,,,-0.012324722,0.012324722,,,,
,,,,,,-0.012318611,0.012318611,,,,
,,,,,,-0.012311111,0.012311111,,,,
,,,,,,-0.012310833,0.012310833,,,,
,,,,,,-0.0123075,0.0123075,,,,
,,,,,,-0.012303611,0.012303611,,,,
,,,,,,-0.012276667,0.012276667,,,,
,,,,,,-0.012214722,0.012214722,,,,
,,,,,,-0.012197222,0.012197222,,,,
,,,,,,-0.012117222,0.012117222,,,,
,,,,,,-0.012091667,0.012091667,,,,
,,,,,,-0.011956944,0.011956944,,,,
,,,,,,-0.011914167,0.011914167,,,,
,,,,,,-0.011887778,0.011887778,,,,
,,,,,,-0.011868056,0.011868056,,,,
,,,,,,-0.011852778,0.011852778,,,,
,,,,,,-0.011844444,0.011844444,,,,
,,,,,,-0.011844444,0.011844444,,,,
,,,,,,-0.0118425,0.0118425,,,,
,,,,,,-0.011776389,0.011776389,,,,
,,,,,,-0.011761111,0.011761111,,,,
,,,,,,-0.011759167,0.011759167,,,,
,,,,,,-0.011705556,0.011705556,,,,
,,,,,,-0.011671667,0.011671667,,,,
,,,,,,-0.011668333,0.011668333,,,,
,,,,,,-0.011666111,0.011666111,,,,
,,,,,,-0.0116625,0.0116625,,,,
,,,,,,-0.011643611,0.011643611,,,,
,,,,,,-0.011643056,0.011643056,,,,
,,,,,,-0.011640556,0.011640556,,,,
,,,,,,-0.011638611,0.011638611,,,,
,,,,,,-0.011636111,0.011636111,,,,
,,,,,,-0.011632778,0.011632778,,,,
,,,,,,-0.011609167,0.011609167,,,,
,,,,,,-0.011605278,0.011605278,,,,
,,,,,,-0.01159,0.01159,,,,
,,,,,,-0.011583889,0.011583889,,,,
,,,,,,-0.011580278,0.011580278,,,,
,,,,,,-0.011578889,0.011578889,,,,
,,,,,,-0.011572778,0.011572778,,,,
,,,,,,-0.0115725,0.0115725,,,,
,,,,,,-0.011571944,0.011571944,,,,
,,,,,,-0.011571667,0.011571667,,,,
,,,,,,-0.011569444,0.011569444,,,,
,,,,,,-0.011564722,0.011564722,,,,
,,,,,,-0.011558056,0.011558056,,,,
,,,,,,-0.0115525,0.0115525,,,,
,,,,,,-0.011551111,0.011551111,,,,
,,,,,,-0.011550278,0.011550278,,,,
,,,,,,-0.011545833,0.011545833,,,,
,,,,,,-0.011540556,0.011540556,,,,
,,,,,,-0.011540278,0.011540278,,,,
,,,,,,-0.011539167,0.011539167,,,,
,,,,,,-0.011538056,0.011538056,,,,
,,,,,,-0.011536111,0.011536111,,,,
,,,,,,-0.011535278,0.011535278,,,,
,,,,,,-0.011533333,0.011533333,,,,
,,,,,,-0.011532222,0.011532222,,,,
,,,,,,-0.011525278,0.011525278,,,,
,,,,,,-0.011524722,0.011524722,,,,
,,,,,,-0.011524444,0.011524444,,,,
,,,,,,-0.011523056,0.011523056,,,,
,,,,,,-0.011514167,0.011514167,,,,
,,,,,,-0.011514167,0.011514167,,,,
,,,,,,-0.011510556,0.011510556,,,,
,,,,,,-0.011510278,0.011510278,,,,
,,,,,,-0.011507222,0.011507222,,,,
,,,,,,-0.011506389,0.011506389,,,,
,,,,,,-0.011504722,0.011504722,,,,
,,,,,,-0.011503333,0.011503333,,,,
,,,,,,-0.011503056,0.011503056,,,,
,,,,,,-0.011502222,0.011502222,,,,
,,,,,,-0.011501667,0.011501667,,,,
,,,,,,-0.0115,0.0115,,,,
,,,,,,-0.011499722,0.011499722,,,,
,,,,,,-0.011499167,0.011499167,,,,
,,,,,,-0.011498333,0.011498333,,,,
,,,,,,-0.011497778,0.011497778,,,,
,,,,,,-0.011497222,0.011497222,,,,
,,,,,,-0.011495833,0.011495833,,,,
,,,,,,-0.011494722,0.011494722,,,,
,,,,,,-0.011492222,0.011492222,,,,
,,,,,,-0.011491944,0.011491944,,,,
,,,,,,-0.01149,0.01149,,,,
,,,,,,-0.01149,0.01149,,,,
,,,,,,-0.0114875,0.0114875,,,,
,,,,,,-0.011486389,0.011486389,,,,
,,,,,,-0.011486111,0.011486111,,,,
,,,,,,-0.011485278,0.011485278,,,,
,,,,,,-0.011482222,0.011482222,,,,
,,,,,,-0.011479722,0.011479722,,,,
,,,,,,-0.011479722,0.011479722,,,,
,,,,,,-0.011479722,0.011479722,,,,
,,,,,,-0.011476944,0.011476944,,,,
,,,,,,-0.011476111,0.011476111,,,,
,,,,,,-0.011473889,0.011473889,,,,
,,,,,,-0.011473889,0.011473889,,,,
,,,,,,-0.011473889,0.011473889,,,,
,,,,,,-0.011473333,0.011473333,,,,
,,,,,,-0.011473056,0.011473056,,,,
,,,,,,-0.011472778,0.011472778,,,,
,,,,,,-0.011471389,0.011471389,,,,
,,,,,,-0.01147,0.01147,,,,
,,,,,,-0.011466389,0.011466389,,,,
,,,,,,-0.011465278,0.011465278,,,,
,,,,,,-0.011465278,0.011465278,,,,
,,,,,,-0.011461389,0.011461389,,,,
,,,,,,-0.011458056,0.011458056,,,,
,,,,,,-0.011458056,0.011458056,,,,
,,,,,,-0.0114575,0.0114575,,,,
,,,,,,-0.011456667,0.011456667,,,,
,,,,,,-0.011454722,0.011454722,,,,
,,,,,,-0.011452778,0.011452778,,,,
,,,,,,-0.011447778,0.011447778,,,,
,,,,,,-0.011446944,0.011446944,,,,
,,,,,,-0.011446111,0.011446111,,,,
,,,,,,-0.011445833,0.011445833,,,,
,,,,,,-0.011445,0.011445,,,,
,,,,,,-0.011444167,0.011444167,,,,
,,,,,,-0.011443889,0.011443889,,,,
,,,,,,-0.01144,0.01144,,,,
,,,,,,-0.011439722,0.011439722,,,,
,,,,,,-0.011436389,0.011436389,,,,
,,,,,,-0.011435,0.011435,,,,
,,,,,,-0.011435,0.011435,,,,
,,,,,,-0.011434722,0.011434722,,,,
,,,,,,-0.011433889,0.011433889,,,,
,,,,,,-0.011432778,0.011432778,,,,
,,,,,,-0.011432778,0.011432778,,,,
,,,,,,-0.011431389,0.011431389,,,,
,,,,,,-0.01143,0.01143,,,,
,,,,,,-0.01143,0.01143,,,,
,,,,,,-0.011429444,0.011429444,,,,
,,,,,,-0.011425556,0.011425556,,,,
,,,,,,-0.011423333,0.011423333,,,,
,,,,,,-0.011422222,0.011422222,,,,
,,,,,,-0.011422222,0.011422222,,,,
,,,,,,-0.011420278,0.011420278,,,,
,,,,,,-0.011418889,0.011418889,,,,
,,,,,,-0.011417222,0.011417222,,,,
,,,,,,-0.011413056,0.011413056,,,,
,,,,,,-0.011409167,0.011409167,,,,
,,,,,,-0.011408889,0.011408889,,,,
,,,,,,-0.011407222,0.011407222,,,,
,,,,,,-0.011405556,0.011405556,,,,
,,,,,,-0.011404722,0.011404722,,,,
,,,,,,-0.011404167,0.011404167,,,,
,,,,,,-0.011399444,0.011399444,,,,
,,,,,,-0.011398056,0.011398056,,,,
,,,,,,-0.011397778,0.011397778,,,,
,,,,,,-0.011397222,0.011397222,,,,
,,,,,,-0.011397222,0.011397222,,,,
,,,,,,-0.011396944,0.011396944,,,,
,,,,,,-0.011395278,0.011395278,,,,
,,,,,,-0.011390278,0.011390278,,,,
,,,,,,-0.011389722,0.011389722,,,,
,,,,,,-0.011389444,0.011389444,,,,
,,,,,,-0.011388611,0.011388611,,,,
,,,,,,-0.011385556,0.011385556,,,,
,,,,,,-0.011385278,0.011385278,,,,
,,,,,,-0.011383611,0.011383611,,,,
,,,,,,-0.011383056,0.011383056,,,,
,,,,,,-0.0113825,0.0113825,,,,
,,,,,,-0.011381111,0.011381111,,,,
,,,,,,-0.011380833,0.011380833,,,,
,,,,,,-0.011379722,0.011379722,,,,
,,,,,,-0.011379444,0.011379444,,,,
,,,,,,-0.011378611,0.011378611,,,,
,,,,,,-0.011378611,0.011378611,,,,
,,,,,,-0.011378333,0.011378333,,,,
,,,,,,-0.011378333,0.011378333,,,,
,,,,,,-0.011377778,0.011377778,,,,
,,,,,,-0.011376111,0.011376111,,,,
,,,,,,-0.011374722,0.011374722,,,,
,,,,,,-0.011373611,0.011373611,,,,
,,,,,,-0.011373333,0.011373333,,,,
,,,,,,-0.011373056,0.011373056,,,,
,,,,,,-0.011372222,0.011372222,,,,
,,,,,,-0.011371667,0.011371667,,,,
,,,,,,-0.011371111,0.011371111,,,,
,,,,,,-0.011370833,0.011370833,,,,
,,,,,,-0.011368889,0.011368889,,,,
,,,,,,-0.011368333,0.011368333,,,,
,,,,,,-0.011366944,0.011366944,,,,
,,,,,,-0.011366389,0.011366389,,,,
,,,,,,-0.011365278,0.011365278,,,,
,,,,,,-0.0113625,0.0113625,,,,
,,,,,,-0.011361944,0.011361944,,,,
,,,,,,-0.011360556,0.011360556,,,,
,,,,,,-0.0113575,0.0113575,,,,
,,,,,,-0.011356944,0.011356944,,,,
,,,,,,-0.011356111,0.011356111,,,,
,,,,,,-0.011355833,0.011355833,,,,
,,,,,,-0.011355,0.011355,,,,
,,,,,,-0.011347222,0.011347222,,,,
,,,,,,-0.011346389,0.011346389,,,,
,,,,,,-0.011345556,0.011345556,,,,
,,,,,,-0.011344722,0.011344722,,,,
,,,,,,-0.011343333,0.011343333,,,,
,,,,,,-0.0113425,0.0113425,,,,
,,,,,,-0.011341111,0.011341111,,,,
,,,,,,-0.011341111,0.011341111,,,,
,,,,,,-0.011340556,0.011340556,,,,
,,,,,,-0.011338056,0.011338056,,,,
,,,,,,-0.011338056,0.011338056,,,,
,,,,,,-0.011337778,0.011337778,,,,
,,,,,,-0.011336667,0.011336667,,,,
,,,,,,-0.011336667,0.011336667,,,,
,,,,,,-0.011336111,0.011336111,,,,
,,,,,,-0.011335,0.011335,,,,
,,,,,,-0.011334167,0.011334167,,,,
,,,,,,-0.011330833,0.011330833,,,,
,,,,,,-0.01133,0.01133,,,,
,,,,,,-0.01133,0.01133,,,,
,,,,,,-0.011329167,0.011329167,,,,
,,,,,,-0.011328889,0.011328889,,,,
,,,,,,-0.011328333,0.011328333,,,,
,,,,,,-0.011328056,0.011328056,,,,
,,,,,,-0.011326667,0.011326667,,,,
,,,,,,-0.011326389,0.011326389,,,,
,,,,,,-0.011325,0.011325,,,,
,,,,,,-0.011323056,0.011323056,,,,
,,,,,,-0.0113225,0.0113225,,,,
,,,,,,-0.011321667,0.011321667,,,,
,,,,,,-0.011321667,0.011321667,,,,
,,,,,,-0.011321667,0.011321667,,,,
,,,,,,-0.011319444,0.011319444,,,,
,,,,,,-0.011318889,0.011318889,,,,
,,,,,,-0.011317222,0.011317222,,,,
,,,,,,-0.011316944,0.011316944,,,,
,,,,,,-0.011316944,0.011316944,,,,
,,,,,,-0.011316667,0.011316667,,,,
,,,,,,-0.011316111,0.011316111,,,,
,,,,,,-0.011316111,0.011316111,,,,
,,,,,,-0.011315278,0.011315278,,,,
,,,,,,-0.011314722,0.011314722,,,,
,,,,,,-0.011313056,0.011313056,,,,
,,,,,,-0.011312778,0.011312778,,,,
,,,,,,-0.011312222,0.011312222,,,,
,,,,,,-0.011308611,0.011308611,,,,
,,,,,,-0.011308056,0.011308056,,,,
,,,,,,-0.011307778,0.011307778,,,,
,,,,,,-0.011306944,0.011306944,,,,
,,,,,,-0.011305833,0.011305833,,,,
,,,,,,-0.011305278,0.011305278,,,,
,,,,,,-0.011304722,0.011304722,,,,
,,,,,,-0.011303611,0.011303611,,,,
,,,,,,-0.011302778,0.011302778,,,,
,,,,,,-0.011302778,0.011302778,,,,
,,,,,,-0.0113025,0.0113025,,,,
,,,,,,-0.0113025,0.0113025,,,,
,,,,,,-0.011301667,0.011301667,,,,
,,,,,,-0.011300556,0.011300556,,,,
,,,,,,-0.011298611,0.011298611,,,,
,,,,,,-0.011298333,0.011298333,,,,
,,,,,,-0.011295833,0.011295833,,,,
,,,,,,-0.011295833,0.011295833,,,,
,,,,,,-0.011295833,0.011295833,,,,
,,,,,,-0.011295278,0.011295278,,,,
,,,,,,-0.011294444,0.011294444,,,,
,,,,,,-0.011294444,0.011294444,,,,
,,,,,,-0.011288889,0.011288889,,,,
,,,,,,-0.011288611,0.011288611,,,,
,,,,,,-0.011288611,0.011288611,,,,
,,,,,,-0.011288333,0.011288333,,,,
,,,,,,-0.011288056,0.011288056,,,,
,,,,,,-0.011287222,0.011287222,,,,
,,,,,,-0.011286667,0.011286667,,,,
,,,,,,-0.011286667,0.011286667,,,,
,,,,,,-0.011286389,0.011286389,,,,
,,,,,,-0.011286389,0.011286389,,,,
,,,,,,-0.011286389,0.011286389,,,,
,,,,,,-0.011286111,0.011286111,,,,
,,,,,,-0.011285556,0.011285556,,,,
,,,,,,-0.011284444,0.011284444,,,,
,,,,,,-0.011283889,0.011283889,,,,
,,,,,,-0.011283333,0.011283333,,,,
,,,,,,-0.011283056,0.011283056,,,,
,,,,,,-0.011282778,0.011282778,,,,
,,,,,,-0.011282222,0.011282222,,,,
,,,,,,-0.011279167,0.011279167,,,,
,,,,,,-0.011278056,0.011278056,,,,
,,,,,,-0.0112775,0.0112775,,,,
,,,,,,-0.011276944,0.011276944,,,,
,,,,,,-0.011276944,0.011276944,,,,
,,,,,,-0.011276944,0.011276944,,,,
,,,,,,-0.011276944,0.011276944,,,,
,,,,,,-0.011276111,0.011276111,,,,
,,,,,,-0.011275278,0.011275278,,,,
,,,,,,-0.011275,0.011275,,,,
,,,,,,-0.011273611,0.011273611,,,,
,,,,,,-0.011272778,0.011272778,,,,
,,,,,,-0.011272778,0.011272778,,,,
,,,,,,-0.011269167,0.011269167,,,,
,,,,,,-0.011269167,0.011269167,,,,
,,,,,,-0.011269167,0.011269167,,,,
,,,,,,-0.011268611,0.011268611,,,,
,,,,,,-0.011268333,0.011268333,,,,
,,,,,,-0.011268056,0.011268056,,,,
,,,,,,-0.011267222,0.011267222,,,,
,,,,,,-0.011266389,0.011266389,,,,
,,,,,,-0.011265833,0.011265833,,,,
,,,,,,-0.011265833,0.011265833,,,,
,,,,,,-0.011265556,0.011265556,,,,
,,,,,,-0.011265,0.011265,,,,
,,,,,,-0.011264722,0.011264722,,,,
,,,,,,-0.011263333,0.011263333,,,,
,,,,,,-0.011262778,0.011262778,,,,
,,,,,,-0.0112625,0.0112625,,,,
,,,,,,-0.0112625,0.0112625,,,,
,,,,,,-0.011262222,0.011262222,,,,
,,,,,,-0.011261667,0.011261667,,,,
,,,,,,-0.01126,0.01126,,,,
,,,,,,-0.01126,0.01126,,,,
,,,,,,-0.011259444,0.011259444,,,,
,,,,,,-0.011259167,0.011259167,,,,
,,,,,,-0.011256944,0.011256944,,,,
,,,,,,-0.011256667,0.011256667,,,,
,,,,,,-0.011256667,0.011256667,,,,
,,,,,,-0.011256389,0.011256389,,,,
,,,,,,-0.011255833,0.011255833,,,,
,,,,,,-0.011255556,0.011255556,,,,
,,,,,,-0.011255,0.011255,,,,
,,,,,,-0.011253889,0.011253889,,,,
,,,,,,-0.011253889,0.011253889,,,,
,,,,,,-0.011252778,0.011252778,,,,
,,,,,,-0.011252778,0.011252778,,,,
,,,,,,-0.0112525,0.0112525,,,,
,,,,,,-0.011251667,0.011251667,,,,
,,,,,,-0.011248611,0.011248611,,,,
,,,,,,-0.011248333,0.011248333,,,,
,,,,,,-0.011248056,0.011248056,,,,
,,,,,,-0.011248056,0.011248056,,,,
,,,,,,-0.011248056,0.011248056,,,,
,,,,,,-0.011248056,0.011248056,,,,
,,,,,,-0.0112475,0.0112475,,,,
,,,,,,-0.0112475,0.0112475,,,,
,,,,,,-0.0112475,0.0112475,,,,
,,,,,,-0.011247222,0.011247222,,,,
,,,,,,-0.011246667,0.011246667,,,,
,,,,,,-0.011246389,0.011246389,,,,
,,,,,,-0.011246111,0.011246111,,,,
,,,,,,-0.011245,0.011245,,,,
,,,,,,-0.011244444,0.011244444,,,,
,,,,,,-0.011244444,0.011244444,,,,
,,,,,,-0.011244167,0.011244167,,,,
,,,,,,-0.011243611,0.011243611,,,,
,,,,,,-0.011243333,0.011243333,,,,
,,,,,,-0.011243333,0.011243333,,,,
,,,,,,-0.011242778,0.011242778,,,,
,,,,,,-0.0112425,0.0112425,,,,
,,,,,,-0.011242222,0.011242222,,,,
,,,,,,-0.011240556,0.011240556,,,,
,,,,,,-0.011240556,0.011240556,,,,
,,,,,,-0.011239444,0.011239444,,,,
,,,,,,-0.011239167,0.011239167,,,,
,,,,,,-0.011239167,0.011239167,,,,
,,,,,,-0.011238889,0.011238889,,,,
,,,,,,-0.011237778,0.011237778,,,,
,,,,,,-0.011237222,0.011237222,,,,
,,,,,,-0.011236667,0.011236667,,,,
,,,,,,-0.011235833,0.011235833,,,,
,,,,,,-0.011235278,0.011235278,,,,
,,,,,,-0.011235,0.011235,,,,
,,,,,,-0.011234444,0.011234444,,,,
,,,,,,-0.011234167,0.011234167,,,,
,,,,,,-0.011234167,0.011234167,,,,
,,,,,,-0.011232778,0.011232778,,,,
,,,,,,-0.011232222,0.011232222,,,,
,,,,,,-0.011231667,0.011231667,,,,
,,,,,,-0.011230556,0.011230556,,,,
,,,,,,-0.011230556,0.011230556,,,,
,,,,,,-0.011230278,0.011230278,,,,
,,,,,,-0.01123,0.01123,,,,
,,,,,,-0.011229444,0.011229444,,,,
,,,,,,-0.011229167,0.011229167,,,,
,,,,,,-0.011228889,0.011228889,,,,
,,,,,,-0.011228889,0.011228889,,,,
,,,,,,-0.011228611,0.011228611,,,,
,,,,,,-0.011228333,0.011228333,,,,
,,,,,,-0.011228333,0.011228333,,,,
,,,,,,-0.011226944,0.011226944,,,,
,,,,,,-0.011226944,0.011226944,,,,
,,,,,,-0.011226944,0.011226944,,,,
,,,,,,-0.011226667,0.011226667,,,,
,,,,,,-0.011226389,0.011226389,,,,
,,,,,,-0.011225556,0.011225556,,,,
,,,,,,-0.011225556,0.011225556,,,,
,,,,,,-0.011225,0.011225,,,,
,,,,,,-0.011224444,0.011224444,,,,
,,,,,,-0.011224167,0.011224167,,,,
,,,,,,-0.011224167,0.011224167,,,,
,,,,,,-0.011223056,0.011223056,,,,
,,,,,,-0.011222778,0.011222778,,,,
,,,,,,-0.0112225,0.0112225,,,,
,,,,,,-0.011222222,0.011222222,,,,
,,,,,,-0.011222222,0.011222222,,,,
,,,,,,-0.011221944,0.011221944,,,,
,,,,,,-0.011221389,0.011221389,,,,
,,,,,,-0.011221111,0.011221111,,,,
,,,,,,-0.01122,0.01122,,,,
,,,,,,-0.011219722,0.011219722,,,,
,,,,,,-0.011219167,0.011219167,,,,
,,,,,,-0.011219167,0.011219167,,,,
,,,,,,-0.011218611,0.011218611,,,,
,,,,,,-0.011218611,0.011218611,,,,
,,,,,,-0.011218333,0.011218333,,,,
,,,,,,-0.0112175,0.0112175,,,,
,,,,,,-0.0112175,0.0112175,,,,
,,,,,,-0.011216111,0.011216111,,,,
,,,,,,-0.011215833,0.011215833,,,,
,,,,,,-0.011215556,0.011215556,,,,
,,,,,,-0.011214722,0.011214722,,,,
,,,,,,-0.011214444,0.011214444,,,,
,,,,,,-0.011214167,0.011214167,,,,
,,,,,,-0.011213889,0.011213889,,,,
,,,,,,-0.011213889,0.011213889,,,,
,,,,,,-0.011213611,0.011213611,,,,
,,,,,,-0.011213611,0.011213611,,,,
,,,,,,-0.011213333,0.011213333,,,,
,,,,,,-0.011213056,0.011213056,,,,
,,,,,,-0.011211667,0.011211667,,,,
,,,,,,-0.011211389,0.011211389,,,,
,,,,,,-0.011211111,0.011211111,,,,
,,,,,,-0.011210833,0.011210833,,,,
,,,,,,-0.011210278,0.011210278,,,,
,,,,,,-0.011208333,0.011208333,,,,
,,,,,,-0.011206111,0.011206111,,,,
,,,,,,-0.011205556,0.011205556,,,,
,,,,,,-0.011205556,0.011205556,,,,
,,,,,,-0.011204722,0.011204722,,,,
,,,,,,-0.011204722,0.011204722,,,,
,,,,,,-0.011204444,0.011204444,,,,
,,,,,,-0.011203333,0.011203333,,,,
,,,,,,-0.011202222,0.011202222,,,,
,,,,,,-0.011201944,0.011201944,,,,
,,,,,,-0.011201944,0.011201944,,,,
,,,,,,-0.011201667,0.011201667,,,,
,,,,,,-0.011201667,0.011201667,,,,
,,,,,,-0.011200556,0.011200556,,,,
,,,,,,-0.011200556,0.011200556,,,,
,,,,,,-0.011200278,0.011200278,,,,
,,,,,,-0.011199444,0.011199444,,,,
,,,,,,-0.011199167,0.011199167,,,,
,,,,,,-0.011199167,0.011199167,,,,
,,,,,,-0.011198889,0.011198889,,,,
,,,,,,-0.011198611,0.011198611,,,,
,,,,,,-0.011198611,0.011198611,,,,
,,,,,,-0.011198333,0.011198333,,,,
,,,,,,-0.011198333,0.011198333,,,,
,,,,,,-0.011198056,0.011198056,,,,
,,,,,,-0.011198056,0.011198056,,,,
,,,,,,-0.0111975,0.0111975,,,,
,,,,,,-0.011195833,0.011195833,,,,
,,,,,,-0.011195278,0.011195278,,,,
,,,,,,-0.011195,0.011195,,,,
,,,,,,-0.011195,0.011195,,,,
,,,,,,-0.011194444,0.011194444,,,,
,,,,,,-0.011193889,0.011193889,,,,
,,,,,,-0.011193889,0.011193889,,,,
,,,,,,-0.011193333,0.011193333,,,,
,,,,,,-0.011193333,0.011193333,,,,
,,,,,,-0.011193056,0.011193056,,,,
,,,,,,-0.011192222,0.011192222,,,,
,,,,,,-0.011191944,0.011191944,,,,
,,,,,,-0.011191944,0.011191944,,,,
,,,,,,-0.011191667,0.011191667,,,,
,,,,,,-0.011191667,0.011191667,,,,
,,,,,,-0.011191389,0.011191389,,,,
,,,,,,-0.011190833,0.011190833,,,,
,,,,,,-0.011190556,0.011190556,,,,
,,,,,,-0.011190278,0.011190278,,,,
,,,,,,-0.011190278,0.011190278,,,,
,,,,,,-0.01119,0.01119,,,,
,,,,,,-0.01119,0.01119,,,,
,,,,,,-0.01119,0.01119,,,,
,,,,,,-0.011188889,0.011188889,,,,
,,,,,,-0.011188611,0.011188611,,,,
,,,,,,-0.011188056,0.011188056,,,,
,,,,,,-0.011186944,0.011186944,,,,
,,,,,,-0.011186389,0.011186389,,,,
,,,,,,-0.011186389,0.011186389,,,,
,,,,,,-0.011185833,0.011185833,,,,
,,,,,,-0.011185278,0.011185278,,,,
,,,,,,-0.011183889,0.011183889,,,,
,,,,,,-0.011183611,0.011183611,,,,
,,,,,,-0.011183611,0.011183611,,,,
,,,,,,-0.011183056,0.011183056,,,,
,,,,,,-0.011182778,0.011182778,,,,
,,,,,,-0.011182778,0.011182778,,,,
,,,,,,-0.011182222,0.011182222,,,,
,,,,,,-0.011180556,0.011180556,,,,
,,,,,,-0.011180278,0.011180278,,,,
,,,,,,-0.011180278,0.011180278,,,,
,,,,,,-0.011179444,0.011179444,,,,
,,,,,,-0.011179167,0.011179167,,,,
,,,,,,-0.011178889,0.011178889,,,,
,,,,,,-0.011178333,0.011178333,,,,
,,,,,,-0.011178056,0.011178056,,,,
,,,,,,-0.011177778,0.011177778,,,,
,,,,,,-0.0111775,0.0111775,,,,
,,,,,,-0.011177222,0.011177222,,,,
,,,,,,-0.011177222,0.011177222,,,,
,,,,,,-0.011176389,0.011176389,,,,
,,,,,,-0.011176389,0.011176389,,,,
,,,,,,-0.011176111,0.011176111,,,,
,,,,,,-0.011175556,0.011175556,,,,
,,,,,,-0.011175278,0.011175278,,,,
,,,,,,-0.011175,0.011175,,,,
,,,,,,-0.011174722,0.011174722,,,,
,,,,,,-0.011174444,0.011174444,,,,
,,,,,,-0.011173889,0.011173889,,,,
,,,,,,-0.011173611,0.011173611,,,,
,,,,,,-0.011173056,0.011173056,,,,
,,,,,,-0.011172778,0.011172778,,,,
,,,,,,-0.011172778,0.011172778,,,,
,,,,,,-0.011172222,0.011172222,,,,
,,,,,,-0.011171667,0.011171667,,,,
,,,,,,-0.011171389,0.011171389,,,,
,,,,,,-0.011170833,0.011170833,,,,
,,,,,,-0.011170278,0.011170278,,,,
,,,,,,-0.01117,0.01117,,,,
,,,,,,-0.011169722,0.011169722,,,,
,,,,,,-0.011168611,0.011168611,,,,
,,,,,,-0.011168333,0.011168333,,,,
,,,,,,-0.011168056,0.011168056,,,,
,,,,,,-0.011167778,0.011167778,,,,
,,,,,,-0.0111675,0.0111675,,,,
,,,,,,-0.011166667,0.011166667,,,,
,,,,,,-0.011166111,0.011166111,,,,
,,,,,,-0.011165833,0.011165833,,,,
,,,,,,-0.011165556,0.011165556,,,,
,,,,,,-0.011165,0.011165,,,,
,,,,,,-0.011164722,0.011164722,,,,
,,,,,,-0.011163889,0.011163889,,,,
,,,,,,-0.011163611,0.011163611,,,,
,,,,,,-0.011161111,0.011161111,,,,
,,,,,,-0.011160556,0.011160556,,,,
,,,,,,-0.011159167,0.011159167,,,,
,,,,,,-0.011158611,0.011158611,,,,
,,,,,,-0.011158611,0.011158611,,,,
,,,,,,-0.011158056,0.011158056,,,,
,,,,,,-0.0111575,0.0111575,,,,
,,,,,,-0.0111575,0.0111575,,,,
,,,,,,-0.011157222,0.011157222,,,,
,,,,,,-0.011157222,0.011157222,,,,
,,,,,,-0.011156944,0.011156944,,,,
,,,,,,-0.011156667,0.011156667,,,,
,,,,,,-0.011156667,0.011156667,,,,
,,,,,,-0.011156389,0.011156389,,,,
,,,,,,-0.011156111,0.011156111,,,,
,,,,,,-0.011155278,0.011155278,,,,
,,,,,,-0.011154444,0.011154444,,,,
,,,,,,-0.011153611,0.011153611,,,,
,,,,,,-0.011153056,0.011153056,,,,
,,,,,,-0.011153056,0.011153056,,,,
,,,,,,-0.011152778,0.011152778,,,,
,,,,,,-0.011151667,0.011151667,,,,
,,,,,,-0.011151667,0.011151667,,,,
,,,,,,-0.011151389,0.011151389,,,,
,,,,,,-0.011150833,0.011150833,,,,
,,,,,,-0.011150556,0.011150556,,,,
,,,,,,-0.011150556,0.011150556,,,,
,,,,,,-0.011150278,0.011150278,,,,
,,,,,,-0.01115,0.01115,,,,
,,,,,,-0.011149444,0.011149444,,,,
,,,,,,-0.011149444,0.011149444,,,,
,,,,,,-0.011149444,0.011149444,,,,
,,,,,,-0.011149167,0.011149167,,,,
,,,,,,-0.011148889,0.011148889,,,,
,,,,,,-0.011148611,0.011148611,,,,
,,,,,,-0.011148333,0.011148333,,,,
,,,,,,-0.011147778,0.011147778,,,,
,,,,,,-0.011146944,0.011146944,,,,
,,,,,,-0.011146944,0.011146944,,,,
,,,,,,-0.011145833,0.011145833,,,,
,,,,,,-0.011145833,0.011145833,,,,
,,,,,,-0.011145278,0.011145278,,,,
,,,,,,-0.011144722,0.011144722,,,,
,,,,,,-0.011144444,0.011144444,,,,
,,,,,,-0.011144444,0.011144444,,,,
,,,,,,-0.011143889,0.011143889,,,,
,,,,,,-0.011143611,0.011143611,,,,
,,,,,,-0.011143333,0.011143333,,,,
,,,,,,-0.011143056,0.011143056,,,,
,,,,,,-0.011143056,0.011143056,,,,
,,,,,,-0.011142778,0.011142778,,,,
,,,,,,-0.011142778,0.011142778,,,,
,,,,,,-0.0111425,0.0111425,,,,
,,,,,,-0.0111425,0.0111425,,,,
,,,,,,-0.011142222,0.011142222,,,,
,,,,,,-0.011141667,0.011141667,,,,
,,,,,,-0.011140833,0.011140833,,,,
,,,,,,-0.011140833,0.011140833,,,,
,,,,,,-0.011140556,0.011140556,,,,
,,,,,,-0.01114,0.01114,,,,
,,,,,,-0.011139444,0.011139444,,,,
,,,,,,-0.011139444,0.011139444,,,,
,,,,,,-0.011139444,0.011139444,,,,
,,,,,,-0.011139167,0.011139167,,,,
,,,,,,-0.011138889,0.011138889,,,,
,,,,,,-0.0111375,0.0111375,,,,
,,,,,,-0.011137222,0.011137222,,,,
,,,,,,-0.011135556,0.011135556,,,,
,,,,,,-0.011135556,0.011135556,,,,
,,,,,,-0.011135,0.011135,,,,
,,,,,,-0.011134722,0.011134722,,,,
,,,,,,-0.011134167,0.011134167,,,,
,,,,,,-0.011133889,0.011133889,,,,
,,,,,,-0.011133889,0.011133889,,,,
,,,,,,-0.011133611,0.011133611,,,,
,,,,,,-0.0111325,0.0111325,,,,
,,,,,,-0.011131111,0.011131111,,,,
,,,,,,-0.011130556,0.011130556,,,,
,,,,,,-0.01113,0.01113,,,,
,,,,,,-0.011129444,0.011129444,,,,
,,,,,,-0.011128889,0.011128889,,,,
,,,,,,-0.011128611,0.011128611,,,,
,,,,,,-0.011128333,0.011128333,,,,
,,,,,,-0.011127778,0.011127778,,,,
,,,,,,-0.011127222,0.011127222,,,,
,,,,,,-0.011126111,0.011126111,,,,
,,,,,,-0.011125556,0.011125556,,,,
,,,,,,-0.011125,0.011125,,,,
,,,,,,-0.011124444,0.011124444,,,,
,,,,,,-0.011124167,0.011124167,,,,
,,,,,,-0.011123889,0.011123889,,,,
,,,,,,-0.011123333,0.011123333,,,,
,,,,,,-0.011123333,0.011123333,,,,
,,,,,,-0.0111225,0.0111225,,,,
,,,,,,-0.011121944,0.011121944,,,,
,,,,,,-0.011121667,0.011121667,,,,
,,,,,,-0.011121389,0.011121389,,,,
,,,,,,-0.011120278,0.011120278,,,,
,,,,,,-0.011120278,0.011120278,,,,
,,,,,,-0.011119167,0.011119167,,,,
,,,,,,-0.011119167,0.011119167,,,,
,,,,,,-0.011118889,0.011118889,,,,
,,,,,,-0.011118333,0.011118333,,,,
,,,,,,-0.011118333,0.011118333,,,,
,,,,,,-0.011118333,0.011118333,,,,
,,,,,,-0.011118333,0.011118333,,,,
,,,,,,-0.011118056,0.011118056,,,,
,,,,,,-0.011117778,0.011117778,,,,
,,,,,,-0.011117222,0.011117222,,,,
,,,,,,-0.011116667,0.011116667,,,,
,,,,,,-0.011116389,0.011116389,,,,
,,,,,,-0.011115833,0.011115833,,,,
,,,,,,-0.011115556,0.011115556,,,,
,,,,,,-0.011113889,0.011113889,,,,
,,,,,,-0.011113611,0.011113611,,,,
,,,,,,-0.011112778,0.011112778,,,,
,,,,,,-0.011112222,0.011112222,,,,
,,,,,,-0.011110833,0.011110833,,,,
,,,,,,-0.011110833,0.011110833,,,,
,,,,,,-0.011110556,0.011110556,,,,
,,,,,,-0.011110556,0.011110556,,,,
,,,,,,-0.011110278,0.011110278,,,,
,,,,,,-0.01111,0.01111,,,,
,,,,,,-0.01111,0.01111,,,,
,,,,,,-0.011109444,0.011109444,,,,
,,,,,,-0.011109167,0.011109167,,,,
,,,,,,-0.011108889,0.011108889,,,,
,,,,,,-0.011108056,0.011108056,,,,
,,,,,,-0.011108056,0.011108056,,,,
,,,,,,-0.011107778,0.011107778,,,,
,,,,,,-0.011107778,0.011107778,,,,
,,,,,,-0.0111075,0.0111075,,,,
,,,,,,-0.011106667,0.011106667,,,,
,,,,,,-0.011106667,0.011106667,,,,
,,,,,,-0.011105833,0.011105833,,,,
,,,,,,-0.011105833,0.011105833,,,,
,,,,,,-0.011105,0.011105,,,,
,,,,,,-0.011105,0.011105,,,,
,,,,,,-0.011104167,0.011104167,,,,
,,,,,,-0.011103056,0.011103056,,,,
,,,,,,-0.011101667,0.011101667,,,,
,,,,,,-0.011100833,0.011100833,,,,
,,,,,,-0.011098889,0.011098889,,,,
,,,,,,-0.011098889,0.011098889,,,,
,,,,,,-0.011098611,0.011098611,,,,
,,,,,,-0.011097778,0.011097778,,,,
,,,,,,-0.011097778,0.011097778,,,,
,,,,,,-0.0110975,0.0110975,,,,
,,,,,,-0.011096667,0.011096667,,,,
,,,,,,-0.011094722,0.011094722,,,,
,,,,,,-0.011094444,0.011094444,,,,
,,,,,,-0.011093333,0.011093333,,,,
,,,,,,-0.011093056,0.011093056,,,,
,,,,,,-0.011093056,0.011093056,,,,
,,,,,,-0.0110925,0.0110925,,,,
,,,,,,-0.011091944,0.011091944,,,,
,,,,,,-0.011091389,0.011091389,,,,
,,,,,,-0.011091111,0.011091111,,,,
,,,,,,-0.01109,0.01109,,,,
,,,,,,-0.011089722,0.011089722,,,,
,,,,,,-0.011089722,0.011089722,,,,
,,,,,,-0.011089722,0.011089722,,,,
,,,,,,-0.011089444,0.011089444,,,,
,,,,,,-0.011089444,0.011089444,,,,
,,,,,,-0.011088056,0.011088056,,,,
,,,,,,-0.011087778,0.011087778,,,,
,,,,,,-0.0110875,0.0110875,,,,
,,,,,,-0.011086944,0.011086944,,,,
,,,,,,-0.011086667,0.011086667,,,,
,,,,,,-0.011086667,0.011086667,,,,
,,,,,,-0.011086111,0.011086111,,,,
,,,,,,-0.011086111,0.011086111,,,,
,,,,,,-0.011085833,0.011085833,,,,
,,,,,,-0.011084167,0.011084167,,,,
,,,,,,-0.011083889,0.011083889,,,,
,,,,,,-0.011082778,0.011082778,,,,
,,,,,,-0.011081667,0.011081667,,,,
,,,,,,-0.011081389,0.011081389,,,,
,,,,,,-0.011081389,0.011081389,,,,
,,,,,,-0.011081389,0.011081389,,,,
,,,,,,-0.011081389,0.011081389,,,,
,,,,,,-0.011081111,0.011081111,,,,
,,,,,,-0.011079722,0.011079722,,,,
,,,,,,-0.011079444,0.011079444,,,,
,,,,,,-0.011078611,0.011078611,,,,
,,,,,,-0.011078333,0.011078333,,,,
,,,,,,-0.011078056,0.011078056,,,,
,,,,,,-0.011076944,0.011076944,,,,
,,,,,,-0.011075,0.011075,,,,
,,,,,,-0.011073889,0.011073889,,,,
,,,,,,-0.011073611,0.011073611,,,,
,,,,,,-0.011073333,0.011073333,,,,
,,,,,,-0.011072778,0.011072778,,,,
,,,,,,-0.011071944,0.011071944,,,,
,,,,,,-0.011070556,0.011070556,,,,
,,,,,,-0.011070556,0.011070556,,,,
,,,,,,-0.011070278,0.011070278,,,,
,,,,,,-0.01107,0.01107,,,,
,,,,,,-0.011069722,0.011069722,,,,
,,,,,,-0.011066944,0.011066944,,,,
,,,,,,-0.011066944,0.011066944,,,,
,,,,,,-0.011066111,0.011066111,,,,
,,,,,,-0.011066111,0.011066111,,,,
,,,,,,-0.011065833,0.011065833,,,,
,,,,,,-0.011065556,0.011065556,,,,
,,,,,,-0.011065278,0.011065278,,,,
,,,,,,-0.011065,0.011065,,,,
,,,,,,-0.011064722,0.011064722,,,,
,,,,,,-0.011064167,0.011064167,,,,
,,,,,,-0.011063611,0.011063611,,,,
,,,,,,-0.011063611,0.011063611,,,,
,,,,,,-0.011063333,0.011063333,,,,
,,,,,,-0.011060556,0.011060556,,,,
,,,,,,-0.01106,0.01106,,,,
,,,,,,-0.011059722,0.011059722,,,,
,,,,,,-0.011059167,0.011059167,,,,
,,,,,,-0.011058611,0.011058611,,,,
,,,,,,-0.011058333,0.011058333,,,,
,,,,,,-0.011056111,0.011056111,,,,
,,,,,,-0.011055833,0.011055833,,,,
,,,,,,-0.011053889,0.011053889,,,,
,,,,,,-0.011051667,0.011051667,,,,
,,,,,,-0.011049444,0.011049444,,,,
,,,,,,-0.011049167,0.011049167,,,,
,,,,,,-0.011048611,0.011048611,,,,
,,,,,,-0.011047778,0.011047778,,,,
,,,,,,-0.0110475,0.0110475,,,,
,,,,,,-0.011046389,0.011046389,,,,
,,,,,,-0.011045833,0.011045833,,,,
,,,,,,-0.011041389,0.011041389,,,,
,,,,,,-0.011041389,0.011041389,,,,
,,,,,,-0.011041111,0.011041111,,,,
,,,,,,-0.011040278,0.011040278,,,,
,,,,,,-0.011039722,0.011039722,,,,
,,,,,,-0.011039444,0.011039444,,,,
,,,,,,-0.011039167,0.011039167,,,,
,,,,,,-0.011038611,0.011038611,,,,
,,,,,,-0.011035556,0.011035556,,,,
,,,,,,-0.011033889,0.011033889,,,,
,,,,,,-0.011033889,0.011033889,,,,
,,,,,,-0.011033611,0.011033611,,,,
,,,,,,-0.0110325,0.0110325,,,,
,,,,,,-0.011031944,0.011031944,,,,
,,,,,,-0.011031944,0.011031944,,,,
,,,,,,-0.01103,0.01103,,,,
,,,,,,-0.011027778,0.011027778,,,,
,,,,,,-0.011025833,0.011025833,,,,
,,,,,,-0.011025278,0.011025278,,,,
,,,,,,-0.011022778,0.011022778,,,,
,,,,,,-0.011020556,0.011020556,,,,
,,,,,,-0.011018889,0.011018889,,,,
,,,,,,-0.011015556,0.011015556,,,,
,,,,,,-0.011011111,0.011011111,,,,
,,,,,,-0.011008889,0.011008889,,,,
,,,,,,-0.011008611,0.011008611,,,,
,,,,,,-0.011005833,0.011005833,,,,
,,,,,,-0.0110025,0.0110025,,,,
,,,,,,-0.010999444,0.010999444,,,,
,,,,,,-0.010996389,0.010996389,,,,
,,,,,,-0.010995278,0.010995278,,,,
,,,,,,-0.010994167,0.010994167,,,,
,,,,,,-0.010993889,0.010993889,,,,
,,,,,,-0.010988333,0.010988333,,,,
,,,,,,-0.010983056,0.010983056,,,,
,,,,,,-0.010982222,0.010982222,,,,
,,,,,,-0.010979444,0.010979444,,,,
,,,,,,-0.010970278,0.010970278,,,,
,,,,,,-0.010966111,0.010966111,,,,
,,,,,,-0.010965,0.010965,,,,
,,,,,,-0.010954167,0.010954167,,,,
,,,,,,-0.010948889,0.010948889,,,,
,,,,,,-0.010941667,0.010941667,,,,
,,,,,,-0.010939167,0.010939167,,,,
,,,,,,-0.0109375,0.0109375,,,,
,,,,,,-0.010935278,0.010935278,,,,
,,,,,,-0.010934722,0.010934722,,,,
,,,,,,-0.010919444,0.010919444,,,,
,,,,,,-0.010918333,0.010918333,,,,
,,,,,,-0.010915556,0.010915556,,,,
,,,,,,-0.010911389,0.010911389,,,,
,,,,,,-0.010903333,0.010903333,,,,
,,,,,,-0.010895,0.010895,,,,
,,,,,,-0.010889722,0.010889722,,,,
,,,,,,-0.010883611,0.010883611,,,,
,,,,,,-0.010871111,0.010871111,,,,
,,,,,,-0.010868889,0.010868889,,,,
,,,,,,-0.010851111,0.010851111,,,,
,,,,,,-0.01085,0.01085,,,,
,,,,,,-0.010849167,0.010849167,,,,
,,,,,,-0.01083,0.01083,,,,
,,,,,,-0.010811111,0.010811111,,,,
,,,,,,-0.0108,0.0108,,,,
,,,,,,-0.010799444,0.010799444,,,,
,,,,,,-0.010780833,0.010780833,,,,
,,,,,,-0.010778889,0.010778889,,,,
,,,,,,-0.010212778,0.010212778,,,,
,,,,,,-0.009827222,0.009827222,,,,
,,,,,,-0.009590556,0.009590556,,,,
,,,,,,-0.009572778,0.009572778,,,,
,,,,,,-0.009401667,0.009401667,,,,
,,,,,,-0.009244722,0.009244722,,,,
,,,,,,-0.008515,0.008515,,,,
,,,,,,-0.008001111,0.008001111,,,,
,,,,,,-0.007666667,0.007666667,,,,
,,,,,,-0.007495278,0.007495278,,,,
,,,,,,-0.007481667,0.007481667,,,,
,,,,,,-0.007453333,0.007453333,,,,
,,,,,,-0.007442222,0.007442222,,,,
,,,,,,-0.007437778,0.007437778,,,,
,,,,,,-0.007403889,0.007403889,,,,
,,,,,,-0.007390833,0.007390833,,,,
,,,,,,-0.007388333,0.007388333,,,,
,,,,,,-0.007328333,0.007328333,,,,
